line,sn,sample_id,true_mlabel,true_mtype,pred_mlabel,pred_mtype,split,pred_confidence,true_label_proba,score_gap,max_label_proba,model_seed,split_seed,reference,time,tdms_storage_root,relative_path,tdms_path,group_name,channel_name,sampling_rate,seq_length,num_features,label_source,label_timestamp,result_key,result_id,result_name,reason_key,reason_id,reason_name,label_version,note,label
epump3,16CGC063,16CGC063_up,1,震颤_马达,0,正常_干扰_边界,validation,0.9915868660752406,0.004569384471007936,0.9870174816042326,0.9915868660752406,432652534,42,2615917,20260403_020315,factory_raw,"epump3/2026-05-03/part1 (1000 files, 2.09 GB)/E-pump_16CGC063_2615917_03042026_020315.tdms.zst","/Volumes/18555440521/fault/data_root/factory_raw/epump3/2026-05-03/part1 (1000 files, 2.09 GB)/E-pump_16CGC063_2615917_03042026_020315.tdms.zst",Vib Up_0,ACC,20000,104000,195,expert,2026-05-26T19:32:53,nok,1.0,异常,chatter,107.0,震颤,epump3_factory_raw_all_sources_v1,,1
epump3,14GOU016,14GOU016_down,3,秒表_摩擦,0,正常_干扰_边界,test,0.9913178399049075,0.005640314879330488,0.985677525025577,0.9913178399049075,432652534,42,1829920,20240807_195939,factory_raw,epump3/ep3-500PCS/E-pump_14GOU016_1829920_07082024_195939.tdms.zst,/Volumes/18555440521/fault/data_root/factory_raw/epump3/ep3-500PCS/E-pump_14GOU016_1829920_07082024_195939.tdms.zst,Vib Down_0,ACC,20000,97600,195,expert,2026-06-29T15:11:47,nok,1.0,异常,tick_tock,102.0,秒表,v1.1,,3
epump3,14COH233,14COH233_down,3,秒表_摩擦,0,正常_干扰_边界,test,0.9908012079239454,0.005635161533886335,0.9851660463900591,0.9908012079239454,432652534,42,4030956,20240803_073240,factory_raw,epump3/4030956/E-pump_14COH233_4030956_03082024_073240.tdms.zst,/Volumes/18555440521/fault/data_root/factory_raw/epump3/4030956/E-pump_14COH233_4030956_03082024_073240.tdms.zst,Vib Down_0,ACC,20000,102000,195,expert,2026-06-30T12:29:44,nok,1.0,异常,friction,103.0,摩擦,v1.1,,3
epump3,16LGX190,16LGX190_up,1,震颤_马达,0,正常_干扰_边界,test,0.9756957961198502,0.008715563577770058,0.9669802325420802,0.9756957961198502,432652534,42,2386836,20260412_232122,factory_raw,"epump3/2026-05-03/part4 (500 files, 1.04 GB)/E-pump_16LGX190_2386836_12042026_232122.tdms.zst","/Volumes/18555440521/fault/data_root/factory_raw/epump3/2026-05-03/part4 (500 files, 1.04 GB)/E-pump_16LGX190_2386836_12042026_232122.tdms.zst",Vib Up_0,ACC,20000,104800,195,expert,2026-06-30T23:09:51,nok,1.0,异常,chatter,107.0,震颤,v1.1,,1
epump3,14JNV503,14JNV503_down,3,秒表_摩擦,0,正常_干扰_边界,validation,0.9766422516794124,0.02027991008149386,0.9563623415979186,0.9766422516794124,432652534,42,1829920,20240725_215502,factory_raw,epump3/ep3-NOK/E-pump_14JNV503_1829920_25072024_215502.tdms.zst,/Volumes/18555440521/fault/data_root/factory_raw/epump3/ep3-NOK/E-pump_14JNV503_1829920_25072024_215502.tdms.zst,Vib Down_0,ACC,20000,101200,195,expert,2026-05-14T00:16:11,nok,1.0,异常,tick_tock,102.0,秒表,v1.1,重要,3
epump3,14COH267,14COH267_up,3,秒表_摩擦,0,正常_干扰_边界,validation,0.974047569146405,0.018048948120646478,0.9559986210257585,0.974047569146405,432652534,42,4030956,20240803_074207,factory_raw,epump3/4030956/E-pump_14COH267_4030956_03082024_074207.tdms.zst,/Volumes/18555440521/fault/data_root/factory_raw/epump3/4030956/E-pump_14COH267_4030956_03082024_074207.tdms.zst,Vib Up_0,ACC,20000,97600,195,expert,2026-06-30T12:33:30,nok,1.0,异常,friction,103.0,摩擦,v1.1,,3
epump3,16JGW043,16JGW043_up,1,震颤_马达,0,正常_干扰_边界,validation,0.9530792409709776,0.008308430756865381,0.9447708102141122,0.9530792409709776,432652534,42,3876053,20260410_220252,factory_raw,"epump3/2026-05-03/part3 (1000 files, 2.10 GB)/E-pump_16JGW043_3876053_10042026_220252.tdms.zst","/Volumes/18555440521/fault/data_root/factory_raw/epump3/2026-05-03/part3 (1000 files, 2.10 GB)/E-pump_16JGW043_3876053_10042026_220252.tdms.zst",Vib Up_0,ACC,20000,102000,195,operator_F3645,2026-04-10T22:00:00,nok,1.0,异常,chatter,107.0,震颤,epump3_factory_raw_all_sources_v1,,1
epump3,16JGV256,16JGV256_up,5,咬齿,3,秒表_摩擦,validation,0.9418100883442805,0.005394778022189704,0.9364153103220908,0.9418100883442805,432652534,42,3876053,20260410_213308,factory_raw,"epump3/2026-05-03/part3 (1000 files, 2.10 GB)/E-pump_16JGV256_3876053_10042026_213308.tdms.zst","/Volumes/18555440521/fault/data_root/factory_raw/epump3/2026-05-03/part3 (1000 files, 2.10 GB)/E-pump_16JGV256_3876053_10042026_213308.tdms.zst",Vib Up_0,ACC,20000,103600,195,expert,2026-06-29T19:37:08,nok,1.0,异常,gear_chatter,106.0,咬齿,epump3_factory_raw_all_sources_v1,,5
epump3,14AOJ081,14AOJ081_up,4,哒哒_咔咔_杂音,3,秒表_摩擦,test,0.9509559176219138,0.01927125582698745,0.9316846617949264,0.9509559176219138,432652534,42,2372944,20240801_090820,factory_raw,epump3/ep3-500PCS/E-pump_14AOJ081_2372944_01082024_090820.tdms.zst,/Volumes/18555440521/fault/data_root/factory_raw/epump3/ep3-500PCS/E-pump_14AOJ081_2372944_01082024_090820.tdms.zst,Vib Up_0,ACC,20000,111600,195,expert,2026-05-09T13:55:22,nok,1.0,异常,noise,105.0,杂音,v1.1,,4
epump3,14BNT240,14BNT240_down,4,哒哒_咔咔_杂音,3,秒表_摩擦,validation,0.9550845471304916,0.02704394234130881,0.9280406047891828,0.9550845471304916,432652534,42,1829890,20240717_192704,factory_raw,epump3/ep3-NOK/E-pump_14BNT240_1829890_17072024_192704.tdms.zst,/Volumes/18555440521/fault/data_root/factory_raw/epump3/ep3-NOK/E-pump_14BNT240_1829890_17072024_192704.tdms.zst,Vib Down_0,ACC,20000,102400,195,expert,2026-05-26T18:03:52,nok,1.0,异常,noise,105.0,杂音,v1.1,,4
epump3,16JGV497,16JGV497_up,5,咬齿,0,正常_干扰_边界,test,0.9320285524723244,0.0068106267555140786,0.9252179257168104,0.9320285524723244,432652534,42,3876053,20260410_220141,factory_raw,"epump3/2026-05-03/part3 (1000 files, 2.10 GB)/E-pump_16JGV497_3876053_10042026_220141.tdms.zst","/Volumes/18555440521/fault/data_root/factory_raw/epump3/2026-05-03/part3 (1000 files, 2.10 GB)/E-pump_16JGV497_3876053_10042026_220141.tdms.zst",Vib Up_0,ACC,20000,96000,195,expert,2026-06-29T19:40:21,nok,1.0,异常,gear_chatter,106.0,咬齿,epump3_factory_raw_all_sources_v1,,5
epump3,14COH268,14COH268_down,4,哒哒_咔咔_杂音,0,正常_干扰_边界,test,0.9247304331677539,0.010371949242283011,0.9143584839254709,0.9247304331677539,432652534,42,4030956,20240803_073937,factory_raw,epump3/4030956/E-pump_14COH268_4030956_03082024_073937.tdms.zst,/Volumes/18555440521/fault/data_root/factory_raw/epump3/4030956/E-pump_14COH268_4030956_03082024_073937.tdms.zst,Vib Down_0,ACC,20000,102000,195,expert,2026-06-30T12:33:42,nok,1.0,异常,noise,105.0,杂音,v1.1,,4
epump3,16LGX236,16LGX236_down,4,哒哒_咔咔_杂音,3,秒表_摩擦,validation,0.9464438435563423,0.034322462487611505,0.9121213810687308,0.9464438435563423,432652534,42,2386836,20260412_232006,factory_raw,"epump3/2026-05-03/part4 (500 files, 1.04 GB)/E-pump_16LGX236_2386836_12042026_232006.tdms.zst","/Volumes/18555440521/fault/data_root/factory_raw/epump3/2026-05-03/part4 (500 files, 1.04 GB)/E-pump_16LGX236_2386836_12042026_232006.tdms.zst",Vib Down_0,ACC,20000,100400,195,expert,2026-06-30T23:10:59,nok,1.0,异常,noise,105.0,杂音,v1.1,,4
epump3,14BOH257,14BOH257_up,3,秒表_摩擦,0,正常_干扰_边界,validation,0.9281992693349378,0.04920352454667069,0.8789957447882671,0.9281992693349378,432652534,42,2358487,20240802_073612,factory_raw,epump3/2358487/E-pump_14BOH257_2358487_02082024_073612.tdms.zst,/Volumes/18555440521/fault/data_root/factory_raw/epump3/2358487/E-pump_14BOH257_2358487_02082024_073612.tdms.zst,Vib Up_0,ACC,20000,100800,195,expert,2026-06-30T00:08:16,nok,1.0,异常,tick_tock,102.0,秒表,v1.1,,3
epump3,16NHB304,16NHB304_up,3,秒表_摩擦,5,咬齿,validation,0.8785976117149836,0.0069003741677294795,0.8716972375472541,0.8785976117149836,432652534,42,2615916,20260429_014151,factory_raw,"epump3/2026-05-03/part4 (500 files, 1.04 GB)/E-pump_16NHB304_2615916_29042026_014151.tdms.zst","/Volumes/18555440521/fault/data_root/factory_raw/epump3/2026-05-03/part4 (500 files, 1.04 GB)/E-pump_16NHB304_2615916_29042026_014151.tdms.zst",Vib Up_0,ACC,20000,100000,195,operator_F3645,2026-04-29T01:00:00,nok,1.0,异常,friction,103.0,摩擦,epump3_factory_raw_all_sources_v1,,3
epump3,16CGC097,16CGC097_up,5,咬齿,0,正常_干扰_边界,validation,0.8932181590102757,0.025242910435568942,0.8679752485747068,0.8932181590102757,432652534,42,2615917,20260403_020735,factory_raw,"epump3/2026-05-03/part1 (1000 files, 2.09 GB)/E-pump_16CGC097_2615917_03042026_020735.tdms.zst","/Volumes/18555440521/fault/data_root/factory_raw/epump3/2026-05-03/part1 (1000 files, 2.09 GB)/E-pump_16CGC097_2615917_03042026_020735.tdms.zst",Vib Up_0,ACC,20000,102000,195,expert,2026-06-29T19:30:50,nok,1.0,异常,gear_chatter,106.0,咬齿,epump3_factory_raw_all_sources_v1,,5
epump3,16AGK463,16AGK463_down,3,秒表_摩擦,0,正常_干扰_边界,test,0.9221884722454892,0.059569998926077956,0.8626184733194112,0.9221884722454892,432652534,42,1829920,20260401_104724,factory_raw,"epump3/2026-05-03/part1 (1000 files, 2.09 GB)/E-pump_16AGK463_1829920_01042026_104724.tdms.zst","/Volumes/18555440521/fault/data_root/factory_raw/epump3/2026-05-03/part1 (1000 files, 2.09 GB)/E-pump_16AGK463_1829920_01042026_104724.tdms.zst",Vib Down_0,ACC,20000,103600,195,operator_F3645,2026-04-01T10:00:00,nok,1.0,异常,friction,103.0,摩擦,epump3_factory_raw_all_sources_v1,,3
epump3,16NHC167,16NHC167_up,1,震颤_马达,0,正常_干扰_边界,validation,0.927763430948239,0.06942420620766013,0.8583392247405789,0.927763430948239,432652534,42,2615916,20260429_021119,factory_raw,"epump3/2026-05-03/part4 (500 files, 1.04 GB)/E-pump_16NHC167_2615916_29042026_021119.tdms.zst","/Volumes/18555440521/fault/data_root/factory_raw/epump3/2026-05-03/part4 (500 files, 1.04 GB)/E-pump_16NHC167_2615916_29042026_021119.tdms.zst",Vib Up_0,ACC,20000,103600,195,expert,2026-05-26T19:33:33,nok,1.0,异常,chatter,107.0,震颤,epump3_factory_raw_all_sources_v1,,1
epump3,16CGC052,16CGC052_up,1,震颤_马达,5,咬齿,test,0.8657884103053027,0.008434374630957454,0.8573540356743453,0.8657884103053027,432652534,42,2615917,20260403_020229,factory_raw,"epump3/2026-05-03/part1 (1000 files, 2.09 GB)/E-pump_16CGC052_2615917_03042026_020229.tdms.zst","/Volumes/18555440521/fault/data_root/factory_raw/epump3/2026-05-03/part1 (1000 files, 2.09 GB)/E-pump_16CGC052_2615917_03042026_020229.tdms.zst",Vib Up_0,ACC,20000,96800,195,operator_F3645,2026-04-03T02:00:00,nok,1.0,异常,chatter,107.0,震颤,epump3_factory_raw_all_sources_v1,,1
epump3,16LGX058,16LGX058_down,1,震颤_马达,0,正常_干扰_边界,validation,0.8759241895589996,0.0274730461386819,0.8484511434203177,0.8759241895589996,432652534,42,2386836,20260412_230248,factory_raw,"epump3/2026-05-03/part4 (500 files, 1.04 GB)/E-pump_16LGX058_2386836_12042026_230248.tdms.zst","/Volumes/18555440521/fault/data_root/factory_raw/epump3/2026-05-03/part4 (500 files, 1.04 GB)/E-pump_16LGX058_2386836_12042026_230248.tdms.zst",Vib Down_0,ACC,20000,100400,195,expert,2026-05-26T21:08:22,nok,1.0,异常,chatter,107.0,震颤,epump3_factory_raw_all_sources_v1,,1
epump3,14COH155,14COH155_down,4,哒哒_咔咔_杂音,0,正常_干扰_边界,validation,0.844754077721743,0.005422405166993937,0.8393316725547492,0.844754077721743,432652534,42,4030956,20240803_073003,factory_raw,epump3/4030956/E-pump_14COH155_4030956_03082024_073003.tdms.zst,/Volumes/18555440521/fault/data_root/factory_raw/epump3/4030956/E-pump_14COH155_4030956_03082024_073003.tdms.zst,Vib Down_0,ACC,20000,103600,195,expert,2026-06-30T00:12:09,nok,1.0,异常,noise,105.0,杂音,v1.1,,4
epump3,16LGF001,16LGF001_down,3,秒表_摩擦,0,正常_干扰_边界,test,0.91355008851147,0.07791618273700127,0.8356339057744687,0.91355008851147,432652534,42,1806522,20260412_050015,factory_raw,"epump3/2026-05-03/part3 (1000 files, 2.10 GB)/E-pump_16LGF001_1806522_12042026_050015.tdms.zst","/Volumes/18555440521/fault/data_root/factory_raw/epump3/2026-05-03/part3 (1000 files, 2.10 GB)/E-pump_16LGF001_1806522_12042026_050015.tdms.zst",Vib Down_0,ACC,20000,108800,195,operator_F3645,2026-04-12T05:00:00,nok,1.0,异常,friction,103.0,摩擦,epump3_factory_raw_all_sources_v1,,3
epump3,16JGW005,16JGW005_down,3,秒表_摩擦,0,正常_干扰_边界,test,0.8801139327041987,0.06646937444047667,0.8136445582637221,0.8801139327041987,432652534,42,3876053,20260410_215614,factory_raw,"epump3/2026-05-03/part3 (1000 files, 2.10 GB)/E-pump_16JGW005_3876053_10042026_215614.tdms.zst","/Volumes/18555440521/fault/data_root/factory_raw/epump3/2026-05-03/part3 (1000 files, 2.10 GB)/E-pump_16JGW005_3876053_10042026_215614.tdms.zst",Vib Down_0,ACC,20000,112000,195,operator_F3645,2026-04-10T22:00:00,nok,1.0,异常,friction,103.0,摩擦,epump3_factory_raw_all_sources_v1,,3
epump3,16LGW134,16LGW134_up,4,哒哒_咔咔_杂音,3,秒表_摩擦,test,0.859607666063348,0.04825657432120895,0.811351091742139,0.859607666063348,432652534,42,2386836,20260412_230106,factory_raw,"epump3/2026-05-03/part4 (500 files, 1.04 GB)/E-pump_16LGW134_2386836_12042026_230106.tdms.zst","/Volumes/18555440521/fault/data_root/factory_raw/epump3/2026-05-03/part4 (500 files, 1.04 GB)/E-pump_16LGW134_2386836_12042026_230106.tdms.zst",Vib Up_0,ACC,20000,110400,195,expert,2026-05-26T21:00:42,nok,1.0,异常,noise,105.0,杂音,v1.1,,4
epump3,14COH069,14COH069_up,4,哒哒_咔咔_杂音,3,秒表_摩擦,test,0.8951490228592652,0.08488876648547714,0.8102602563737881,0.8951490228592652,432652534,42,4030956,20240803_071343,factory_raw,epump3/4030956/E-pump_14COH069_4030956_03082024_071343.tdms.zst,/Volumes/18555440521/fault/data_root/factory_raw/epump3/4030956/E-pump_14COH069_4030956_03082024_071343.tdms.zst,Vib Up_0,ACC,20000,102400,195,expert,2026-06-30T00:10:11,nok,1.0,异常,noise,105.0,杂音,v1.1,,4
epump3,14OKU357,14OKU357_down,3,秒表_摩擦,0,正常_干扰_边界,validation,0.8461342886194808,0.037730749805456765,0.808403538814024,0.8461342886194808,432652534,42,2882633,20240615_203634,factory_raw,epump3/ep3-NOK/E-pump_14OKU357_2882633_15062024_203634.tdms.zst,/Volumes/18555440521/fault/data_root/factory_raw/epump3/ep3-NOK/E-pump_14OKU357_2882633_15062024_203634.tdms.zst,Vib Down_0,ACC,20000,107200,195,expert,2026-05-26T20:35:28,nok,1.0,异常,friction,103.0,摩擦,epump3_factory_raw_all_sources_v1,,3
epump3,14HOH087,14HOH087_up,1,震颤_马达,0,正常_干扰_边界,test,0.8942773666861865,0.09005532216157784,0.8042220445246087,0.8942773666861865,432652534,42,2358487,20240808_071425,factory_raw,epump3/2358487/E-pump_14HOH087_2358487_08082024_071425.tdms.zst,/Volumes/18555440521/fault/data_root/factory_raw/epump3/2358487/E-pump_14HOH087_2358487_08082024_071425.tdms.zst,Vib Up_0,ACC,20000,98000,195,expert,2026-06-30T12:42:57,nok,1.0,异常,chatter,107.0,震颤,v1.1,,1
epump3,16BGJ256,16BGJ256_down,3,秒表_摩擦,0,正常_干扰_边界,validation,0.8944991395154784,0.10109095573319643,0.793408183782282,0.8944991395154784,432652534,42,1515593,20260402_092607,factory_raw,"epump3/2026-05-03/part1 (1000 files, 2.09 GB)/E-pump_16BGJ256_1515593_02042026_092607.tdms.zst","/Volumes/18555440521/fault/data_root/factory_raw/epump3/2026-05-03/part1 (1000 files, 2.09 GB)/E-pump_16BGJ256_1515593_02042026_092607.tdms.zst",Vib Down_0,ACC,20000,99600,195,operator_F3645,2026-04-02T09:00:00,nok,1.0,异常,friction,103.0,摩擦,epump3_factory_raw_all_sources_v1,,3
epump3,14NLQ064,14NLQ064_up,3,秒表_摩擦,0,正常_干扰_边界,test,0.8762516672516499,0.11434162692606581,0.7619100403255841,0.8762516672516499,432652534,42,2882633,20240629_160645,factory_raw,epump3/ep3-NOK/E-pump_14NLQ064_2882633_29062024_160645.tdms.zst,/Volumes/18555440521/fault/data_root/factory_raw/epump3/ep3-NOK/E-pump_14NLQ064_2882633_29062024_160645.tdms.zst,Vib Up_0,ACC,20000,106000,195,expert,2026-05-14T00:16:42,nok,1.0,异常,friction,103.0,摩擦,v1.1,,3
epump3,16DGC441,16DGC441_down,3,秒表_摩擦,0,正常_干扰_边界,validation,0.8734084503120961,0.11348467936267338,0.7599237709494228,0.8734084503120961,432652534,42,1651629,20260404_024959,factory_raw,"epump3/2026-05-03/part2 (1000 files, 2.06 GB)/E-pump_16DGC441_1651629_04042026_024959.tdms.zst","/Volumes/18555440521/fault/data_root/factory_raw/epump3/2026-05-03/part2 (1000 files, 2.06 GB)/E-pump_16DGC441_1651629_04042026_024959.tdms.zst",Vib Down_0,ACC,20000,98800,195,expert,2026-05-26T20:37:49,nok,1.0,异常,friction,103.0,摩擦,epump3_factory_raw_all_sources_v1,,3
epump3,16BGJ420,16BGJ420_down,4,哒哒_咔咔_杂音,0,正常_干扰_边界,test,0.7585784870955071,0.008088787144025165,0.750489699951482,0.7585784870955071,432652534,42,1515593,20260402_093800,factory_raw,"epump3/2026-05-03/part1 (1000 files, 2.09 GB)/E-pump_16BGJ420_1515593_02042026_093800.tdms.zst","/Volumes/18555440521/fault/data_root/factory_raw/epump3/2026-05-03/part1 (1000 files, 2.09 GB)/E-pump_16BGJ420_1515593_02042026_093800.tdms.zst",Vib Down_0,ACC,20000,105600,195,expert,2026-06-30T22:44:52,nok,1.0,异常,noise,105.0,杂音,v1.1,,4
epump3,14COH301,14COH301_down,4,哒哒_咔咔_杂音,0,正常_干扰_边界,validation,0.7614842644895241,0.013260426883061935,0.7482238376064622,0.7614842644895241,432652534,42,4030956,20240803_074637,factory_raw,epump3/4030956/E-pump_14COH301_4030956_03082024_074637.tdms.zst,/Volumes/18555440521/fault/data_root/factory_raw/epump3/4030956/E-pump_14COH301_4030956_03082024_074637.tdms.zst,Vib Down_0,ACC,20000,99600,195,expert,2026-06-30T12:35:42,nok,1.0,异常,noise,105.0,杂音,v1.1,,4
epump3,16FGP420,16FGP420_up,3,秒表_摩擦,0,正常_干扰_边界,validation,0.8709113354148507,0.12280978374284464,0.748101551672006,0.8709113354148507,432652534,42,1854792,20260406_155920,factory_raw,"epump3/2026-05-03/part2 (1000 files, 2.06 GB)/E-pump_16FGP420_1854792_06042026_155920.tdms.zst","/Volumes/18555440521/fault/data_root/factory_raw/epump3/2026-05-03/part2 (1000 files, 2.06 GB)/E-pump_16FGP420_1854792_06042026_155920.tdms.zst",Vib Up_0,ACC,20000,92400,195,expert,2026-06-30T22:50:44,nok,1.0,异常,friction,103.0,摩擦,epump3_factory_raw_all_sources_v1,,3
epump3,16BGJ195,16BGJ195_down,4,哒哒_咔咔_杂音,3,秒表_摩擦,validation,0.8100704963893467,0.07563755872347341,0.7344329376658733,0.8100704963893467,432652534,42,1515593,20260402_091925,factory_raw,"epump3/2026-05-03/part1 (1000 files, 2.09 GB)/E-pump_16BGJ195_1515593_02042026_091925.tdms.zst","/Volumes/18555440521/fault/data_root/factory_raw/epump3/2026-05-03/part1 (1000 files, 2.09 GB)/E-pump_16BGJ195_1515593_02042026_091925.tdms.zst",Vib Down_0,ACC,20000,102800,195,expert,2026-06-30T22:43:07,nok,1.0,异常,noise,105.0,杂音,v1.1,,4
epump3,14JNV180,14JNV180_down,4,哒哒_咔咔_杂音,3,秒表_摩擦,validation,0.8122685122202109,0.08263076457921763,0.7296377476409933,0.8122685122202109,432652534,42,1829920,20240725_212036,factory_raw,epump3/ep3-500PCS/E-pump_14JNV180_1829920_25072024_212036.tdms.zst,/Volumes/18555440521/fault/data_root/factory_raw/epump3/ep3-500PCS/E-pump_14JNV180_1829920_25072024_212036.tdms.zst,Vib Down_0,ACC,20000,100800,195,expert,2026-05-26T19:33:48,nok,1.0,异常,noise,105.0,杂音,epump3_factory_raw_all_sources_v1,,4
epump3,14BQE040,14BQE040_down,4,哒哒_咔咔_杂音,0,正常_干扰_边界,validation,0.7877809438535119,0.06120830637940582,0.7265726374741062,0.7877809438535119,432652534,42,1806522,20240902_035808,factory_raw,epump3/ep3-500PCS/E-pump_14BQE040_1806522_02092024_035808.tdms.zst,/Volumes/18555440521/fault/data_root/factory_raw/epump3/ep3-500PCS/E-pump_14BQE040_1806522_02092024_035808.tdms.zst,Vib Down_0,ACC,20000,116000,195,expert,2026-05-26T18:05:49,nok,1.0,异常,noise,105.0,杂音,v1.1,,4
epump3,14BNT394,14BNT394_up,4,哒哒_咔咔_杂音,0,正常_干扰_边界,test,0.7403242601207012,0.018938089096456494,0.7213861710242447,0.7403242601207012,432652534,42,1829890,20240717_195054,factory_raw,epump3/ep3-NOK/E-pump_14BNT394_1829890_17072024_195054.tdms.zst,/Volumes/18555440521/fault/data_root/factory_raw/epump3/ep3-NOK/E-pump_14BNT394_1829890_17072024_195054.tdms.zst,Vib Up_0,ACC,20000,91600,195,expert,2026-05-26T18:04:15,nok,1.0,异常,noise,105.0,杂音,v1.1,,4
epump3,16JGI093,16JGI093_up,3,秒表_摩擦,0,正常_干扰_边界,test,0.8521773572323378,0.13506507317035096,0.7171122840619868,0.8521773572323378,432652534,42,1651560,20260410_080855,factory_raw,"epump3/2026-05-03/part3 (1000 files, 2.10 GB)/E-pump_16JGI093_1651560_10042026_080855.tdms.zst","/Volumes/18555440521/fault/data_root/factory_raw/epump3/2026-05-03/part3 (1000 files, 2.10 GB)/E-pump_16JGI093_1651560_10042026_080855.tdms.zst",Vib Up_0,ACC,20000,92400,195,expert,2026-06-30T22:52:29,nok,1.0,异常,friction,103.0,摩擦,epump3_factory_raw_all_sources_v1,,3
epump3,14EMH031,14EMH031_up,1,震颤_马达,0,正常_干扰_边界,test,0.8449607796271021,0.1366851550107576,0.7082756246163445,0.8449607796271021,432652534,42,4030956,20240705_070724,factory_raw,epump3/ep3-NOK/E-pump_14EMH031_4030956_05072024_070724.tdms.zst,/Volumes/18555440521/fault/data_root/factory_raw/epump3/ep3-NOK/E-pump_14EMH031_4030956_05072024_070724.tdms.zst,Vib Up_0,ACC,20000,88400,195,expert,2026-05-26T20:42:42,nok,1.0,异常,chatter,107.0,震颤,epump3_factory_raw_all_sources_v1,,1
epump2,LE6N0089,LE6N0089_down,3,秒表_摩擦,0,正常_干扰_边界,validation,0.8301581653614245,0.13698744905901897,0.6931707163024056,0.8301581653614245,432652534,42,238683601,20260312_143056,factory_raw,epump2/prototype/正常/epump2__LE6N0089__238683601__E-pump_LE6N0089_238683601_12032026_143056.tdms.zst,/Volumes/18555440521/fault/data_root/factory_raw/epump2/prototype/正常/epump2__LE6N0089__238683601__E-pump_LE6N0089_238683601_12032026_143056.tdms.zst,Vib Down_0,ACC,20000,93981,195,expert_prototype_registry,2026-06-27T14:38:53,nok,1.0,异常,tick_tock,102.0,秒表,prototype_v1,prototype_relative_path=epump2/prototype/秒表/epump2__LE6N0089__238683601__E-pump_LE6N0089_238683601_12032026_143056.tdms.zst,3
epump3,14BOH194,14BOH194_down,3,秒表_摩擦,0,正常_干扰_边界,validation,0.8303301023077179,0.141343924976575,0.6889861773311429,0.8303301023077179,432652534,42,2358487,20240802_072805,factory_raw,epump3/2358487/E-pump_14BOH194_2358487_02082024_072805.tdms.zst,/Volumes/18555440521/fault/data_root/factory_raw/epump3/2358487/E-pump_14BOH194_2358487_02082024_072805.tdms.zst,Vib Down_0,ACC,20000,105600,195,expert,2026-06-30T00:08:11,nok,1.0,异常,friction,103.0,摩擦,v1.1,,3
epump3,16DGP172,16DGP172_up,4,哒哒_咔咔_杂音,3,秒表_摩擦,validation,0.7742549840636377,0.08601662574028647,0.6882383583233512,0.7742549840636377,432652534,42,2787848,20260404_152540,factory_raw,"epump3/2026-05-03/part2 (1000 files, 2.06 GB)/E-pump_16DGP172_2787848_04042026_152540.tdms.zst","/Volumes/18555440521/fault/data_root/factory_raw/epump3/2026-05-03/part2 (1000 files, 2.06 GB)/E-pump_16DGP172_2787848_04042026_152540.tdms.zst",Vib Up_0,ACC,20000,108400,195,expert,2026-05-26T21:07:48,nok,1.0,异常,noise,105.0,杂音,v1.1,,4
epump2,NB6M0417,NB6M0417_down,3,秒表_摩擦,0,正常_干扰_边界,test,0.8394741431122615,0.1513769459448637,0.6880971971673978,0.8394741431122615,432652534,42,185479304,20260129_130213,factory_raw,epump2/prototype/秒表/E-pump_NB6M0417_185479304_29012026_130213.tdms.zst,/Volumes/18555440521/fault/data_root/factory_raw/epump2/prototype/秒表/E-pump_NB6M0417_185479304_29012026_130213.tdms.zst,Vib Down_0,ACC,20000,96775,195,expert,2026-05-11T20:28:31,nok,1.0,异常,tick_tock,102.0,秒表,v1.1,[[典型异音]] [[prototype]],3
epump2,NB6M0417,NB6M0417_up,0,正常_干扰_边界,3,秒表_摩擦,test,0.8359138930725881,0.15959342384001177,0.6763204692325764,0.8359138930725881,432652534,42,185479304,20260129_130213,factory_raw,epump2/prototype/秒表/E-pump_NB6M0417_185479304_29012026_130213.tdms.zst,/Volumes/18555440521/fault/data_root/factory_raw/epump2/prototype/秒表/E-pump_NB6M0417_185479304_29012026_130213.tdms.zst,Vib Up_0,ACC,20000,109581,195,expert,2026-05-11T20:28:32,ok,0.0,正常,clean_normal,0.0,正常,v1.1,,0
epump3,16JGB207,16JGB207_up,0,正常_干扰_边界,3,秒表_摩擦,test,0.7924128768639627,0.1180783378083421,0.6743345390556206,0.7924128768639627,432652534,42,4083041,20260410_011459,factory_raw,"epump3/2026-05-03/part3 (1000 files, 2.10 GB)/E-pump_16JGB207_4083041_10042026_011459.tdms.zst","/Volumes/18555440521/fault/data_root/factory_raw/epump3/2026-05-03/part3 (1000 files, 2.10 GB)/E-pump_16JGB207_4083041_10042026_011459.tdms.zst",Vib Up_0,ACC,20000,91600,195,operator_F3645,2026-04-10T01:00:00,ok,0.0,正常,clean_normal,0.0,正常,epump3_factory_raw_all_sources_v1,,0
epump3,14BNB180,14BNB180_up,4,哒哒_咔咔_杂音,3,秒表_摩擦,test,0.7610080081762922,0.09235465948881791,0.6686533486874743,0.7610080081762922,432652534,42,1829919,20240717_011740,factory_raw,epump3/ep3-NOK/E-pump_14BNB180_1829919_17072024_011740.tdms.zst,/Volumes/18555440521/fault/data_root/factory_raw/epump3/ep3-NOK/E-pump_14BNB180_1829919_17072024_011740.tdms.zst,Vib Up_0,ACC,20000,102000,195,expert,2026-05-26T18:02:33,nok,1.0,异常,noise,105.0,杂音,v1.1,,4
epump3,16DGB247,16DGB247_down,3,秒表_摩擦,0,正常_干扰_边界,test,0.8043560476885693,0.15232024770144137,0.6520357999871279,0.8043560476885693,432652534,42,1651629,20260404_015918,factory_raw,"epump3/2026-05-03/part1 (1000 files, 2.09 GB)/E-pump_16DGB247_1651629_04042026_015918.tdms.zst","/Volumes/18555440521/fault/data_root/factory_raw/epump3/2026-05-03/part1 (1000 files, 2.09 GB)/E-pump_16DGB247_1651629_04042026_015918.tdms.zst",Vib Down_0,ACC,20000,106400,195,operator_F3645,2026-04-04T01:00:00,nok,1.0,异常,friction,103.0,摩擦,epump3_factory_raw_all_sources_v1,,3
epump3,16JGV225,16JGV225_up,5,咬齿,0,正常_干扰_边界,validation,0.7869462143958649,0.13981696750626516,0.6471292468895997,0.7869462143958649,432652534,42,3876053,20260410_212925,factory_raw,"epump3/2026-05-03/part3 (1000 files, 2.10 GB)/E-pump_16JGV225_3876053_10042026_212925.tdms.zst","/Volumes/18555440521/fault/data_root/factory_raw/epump3/2026-05-03/part3 (1000 files, 2.10 GB)/E-pump_16JGV225_3876053_10042026_212925.tdms.zst",Vib Up_0,ACC,20000,98000,195,expert,2026-06-29T19:37:03,nok,1.0,异常,gear_chatter,106.0,咬齿,epump3_factory_raw_all_sources_v1,,5
epump3,16CGB144,16CGB144_down,3,秒表_摩擦,0,正常_干扰_边界,validation,0.7005238864775148,0.067101988585073,0.6334218978924419,0.7005238864775148,432652534,42,2615917,20260403_011752,factory_raw,"epump3/2026-05-03/part1 (1000 files, 2.09 GB)/E-pump_16CGB144_2615917_03042026_011752.tdms.zst","/Volumes/18555440521/fault/data_root/factory_raw/epump3/2026-05-03/part1 (1000 files, 2.09 GB)/E-pump_16CGB144_2615917_03042026_011752.tdms.zst",Vib Down_0,ACC,20000,98800,195,operator_F3645,2026-04-03T01:00:00,nok,1.0,异常,friction,103.0,摩擦,epump3_factory_raw_all_sources_v1,,3
epump3,16JGV473,16JGV473_up,3,秒表_摩擦,4,哒哒_咔咔_杂音,validation,0.7936729746268437,0.16678492363023725,0.6268880509966065,0.7936729746268437,432652534,42,3876053,20260410_215240,factory_raw,"epump3/2026-05-03/part3 (1000 files, 2.10 GB)/E-pump_16JGV473_3876053_10042026_215240.tdms.zst","/Volumes/18555440521/fault/data_root/factory_raw/epump3/2026-05-03/part3 (1000 files, 2.10 GB)/E-pump_16JGV473_3876053_10042026_215240.tdms.zst",Vib Up_0,ACC,20000,101600,195,operator_F3645,2026-04-10T21:00:00,nok,1.0,异常,friction,103.0,摩擦,epump3_factory_raw_all_sources_v1,,3
epump3,14JNV037,14JNV037_up,4,哒哒_咔咔_杂音,3,秒表_摩擦,test,0.7366554902683604,0.11630207146751888,0.6203534188008415,0.7366554902683604,432652534,42,1829920,20240725_205954,factory_raw,epump3/ep3-500PCS/E-pump_14JNV037_1829920_25072024_205954.tdms.zst,/Volumes/18555440521/fault/data_root/factory_raw/epump3/ep3-500PCS/E-pump_14JNV037_1829920_25072024_205954.tdms.zst,Vib Up_0,ACC,20000,98400,195,expert,2026-05-26T18:23:13,nok,1.0,异常,noise,105.0,杂音,v1.1,,4
epump3,14NLQ147,14NLQ147_up,1,震颤_马达,0,正常_干扰_边界,validation,0.6261106546188729,0.0166055274721409,0.609505127146732,0.6261106546188729,432652534,42,2882633,20240629_161808,factory_raw,epump3/ep3-NOK/E-pump_14NLQ147_2882633_29062024_161808.tdms.zst,/Volumes/18555440521/fault/data_root/factory_raw/epump3/ep3-NOK/E-pump_14NLQ147_2882633_29062024_161808.tdms.zst,Vib Up_0,ACC,20000,106000,195,expert,2026-05-14T00:17:05,nok,1.0,异常,chatter,107.0,震颤,v1.1,,1
epump3,14HNB042,14HNB042_up,3,秒表_摩擦,0,正常_干扰_边界,test,0.7810448653357095,0.17498742292719716,0.6060574424085123,0.7810448653357095,432652534,42,1768524,20240723_010453,factory_raw,epump3/ep3-NOK/E-pump_14HNB042_1768524_23072024_010453.tdms.zst,/Volumes/18555440521/fault/data_root/factory_raw/epump3/ep3-NOK/E-pump_14HNB042_1768524_23072024_010453.tdms.zst,Vib Up_0,ACC,20000,100400,195,expert,2026-06-30T22:33:08,nok,1.0,异常,friction,103.0,摩擦,epump3_factory_raw_all_sources_v1,,3
epump3,14OKU357,14OKU357_up,3,秒表_摩擦,0,正常_干扰_边界,validation,0.7927591567877699,0.20178132559716444,0.5909778311906054,0.7927591567877699,432652534,42,2882633,20240615_203634,factory_raw,epump3/ep3-NOK/E-pump_14OKU357_2882633_15062024_203634.tdms.zst,/Volumes/18555440521/fault/data_root/factory_raw/epump3/ep3-NOK/E-pump_14OKU357_2882633_15062024_203634.tdms.zst,Vib Up_0,ACC,20000,114800,195,expert,2026-05-26T20:35:21,nok,1.0,异常,friction,103.0,摩擦,epump3_factory_raw_all_sources_v1,,3
epump3,14EKD334,14EKD334_up,4,哒哒_咔咔_杂音,3,秒表_摩擦,validation,0.6837618084297172,0.10192380300737965,0.5818380054223375,0.6837618084297172,432652534,42,1651629,20240605_035056,factory_raw,epump3/ep3-NOK/E-pump_14EKD334_1651629_05062024_035056.tdms.zst,/Volumes/18555440521/fault/data_root/factory_raw/epump3/ep3-NOK/E-pump_14EKD334_1651629_05062024_035056.tdms.zst,Vib Up_0,ACC,20000,112400,195,expert,2026-06-29T15:09:52,nok,1.0,异常,noise,105.0,杂音,v1.1,,4
epump3,16DGO305,16DGO305_up,3,秒表_摩擦,0,正常_干扰_边界,validation,0.7847004046862252,0.20880884544446227,0.5758915592417628,0.7847004046862252,432652534,42,2787848,20260404_145711,factory_raw,"epump3/2026-05-03/part2 (1000 files, 2.06 GB)/E-pump_16DGO305_2787848_04042026_145711.tdms.zst","/Volumes/18555440521/fault/data_root/factory_raw/epump3/2026-05-03/part2 (1000 files, 2.06 GB)/E-pump_16DGO305_2787848_04042026_145711.tdms.zst",Vib Up_0,ACC,20000,103200,195,expert,2026-05-26T20:42:50,nok,1.0,异常,friction,103.0,摩擦,epump3_factory_raw_all_sources_v1,,3
epump3,16FGP381,16FGP381_up,1,震颤_马达,0,正常_干扰_边界,validation,0.7202688935737567,0.1519891805367246,0.5682797130370321,0.7202688935737567,432652534,42,1854792,20260406_155143,factory_raw,"epump3/2026-05-03/part2 (1000 files, 2.06 GB)/E-pump_16FGP381_1854792_06042026_155143.tdms.zst","/Volumes/18555440521/fault/data_root/factory_raw/epump3/2026-05-03/part2 (1000 files, 2.06 GB)/E-pump_16FGP381_1854792_06042026_155143.tdms.zst",Vib Up_0,ACC,20000,105600,195,operator_F3645,2026-04-06T15:00:00,nok,1.0,异常,chatter,107.0,震颤,epump3_factory_raw_all_sources_v1,,1
epump3,14BQE040,14BQE040_up,3,秒表_摩擦,0,正常_干扰_边界,validation,0.7709602413950088,0.20776068727698324,0.5631995541180256,0.7709602413950088,432652534,42,1806522,20240902_035808,factory_raw,epump3/ep3-500PCS/E-pump_14BQE040_1806522_02092024_035808.tdms.zst,/Volumes/18555440521/fault/data_root/factory_raw/epump3/ep3-500PCS/E-pump_14BQE040_1806522_02092024_035808.tdms.zst,Vib Up_0,ACC,20000,106000,195,expert,2026-06-29T15:06:20,nok,1.0,异常,friction,103.0,摩擦,v1.1,,3
epump3,16FGK260,16FGK260_down,3,秒表_摩擦,0,正常_干扰_边界,validation,0.7759590400923658,0.21288625341506742,0.5630727866772984,0.7759590400923658,432652534,42,1829891,20260406_103717,factory_raw,"epump3/2026-05-03/part2 (1000 files, 2.06 GB)/E-pump_16FGK260_1829891_06042026_103717.tdms.zst","/Volumes/18555440521/fault/data_root/factory_raw/epump3/2026-05-03/part2 (1000 files, 2.06 GB)/E-pump_16FGK260_1829891_06042026_103717.tdms.zst",Vib Down_0,ACC,20000,102000,195,expert,2026-05-26T20:38:49,nok,1.0,异常,friction,103.0,摩擦,epump3_factory_raw_all_sources_v1,,3
epump3,14GLS280,14GLS280_down,4,哒哒_咔咔_杂音,0,正常_干扰_边界,validation,0.5611920546276528,0.007478426803485574,0.5537136278241672,0.5611920546276528,432652534,42,2882633,20240622_190219,factory_raw,epump3/ep3-NOK/E-pump_14GLS280_2882633_22062024_190219.tdms.zst,/Volumes/18555440521/fault/data_root/factory_raw/epump3/ep3-NOK/E-pump_14GLS280_2882633_22062024_190219.tdms.zst,Vib Down_0,ACC,20000,102800,195,expert,2026-05-20T16:01:36,nok,1.0,异常,noise,105.0,杂音,epump3_factory_raw_all_sources_v1,,4
epump3,16JGA323,16JGA323_down,3,秒表_摩擦,0,正常_干扰_边界,test,0.7715692072445195,0.22043548048068543,0.5511337267638341,0.7715692072445195,432652534,42,4083041,20260410_003411,factory_raw,"epump3/2026-05-03/part3 (1000 files, 2.10 GB)/E-pump_16JGA323_4083041_10042026_003411.tdms.zst","/Volumes/18555440521/fault/data_root/factory_raw/epump3/2026-05-03/part3 (1000 files, 2.10 GB)/E-pump_16JGA323_4083041_10042026_003411.tdms.zst",Vib Down_0,ACC,20000,98400,195,operator_F3645,2026-04-10T00:00:00,nok,1.0,异常,friction,103.0,摩擦,epump3_factory_raw_all_sources_v1,,3
epump2,AI6A0275,AI6A0275_up,0,正常_干扰_边界,3,秒表_摩擦,test,0.7543739304724977,0.20378816167022934,0.5505857688022684,0.7543739304724977,432652534,42,238683801,20260501_003854,factory_raw,epump2/prototype/秒表/E-pump_AI6A0275_238683801_01052026_003854.tdms.zst,/Volumes/18555440521/fault/data_root/factory_raw/epump2/prototype/秒表/E-pump_AI6A0275_238683801_01052026_003854.tdms.zst,Vib Up_0,ACC,20000,92402,195,expert,2026-06-28T23:08:30,ok,0.0,正常,clean_normal,0.0,正常,v1.1,,0
epump3,14HOJ020,14HOJ020_down,4,哒哒_咔咔_杂音,3,秒表_摩擦,test,0.7520853602888677,0.20709974916257046,0.5449856111262973,0.7520853602888677,432652534,42,2358487,20240808_090124,factory_raw,epump3/ep3-NOK/E-pump_14HOJ020_2358487_08082024_090124.tdms.zst,/Volumes/18555440521/fault/data_root/factory_raw/epump3/ep3-NOK/E-pump_14HOJ020_2358487_08082024_090124.tdms.zst,Vib Down_0,ACC,20000,108400,195,expert,2026-05-26T18:21:14,nok,1.0,异常,noise,105.0,杂音,v1.1,,4
epump2,KN4A0236,KN4A0236_down,1,震颤_马达,3,秒表_摩擦,test,0.562101626968369,0.028942116622401096,0.5331595103459679,0.562101626968369,432652534,42,151559305,20240726_004750,factory_raw,epump2/prototype/震颤/E-pump_KN4A0236_151559305_26072024_004750.tdms.zst,/Volumes/18555440521/fault/data_root/factory_raw/epump2/prototype/震颤/E-pump_KN4A0236_151559305_26072024_004750.tdms.zst,Vib Down_0,ACC,20000,104000,195,expert_prototype_registry,2026-06-27T14:38:53,nok,1.0,异常,chatter,107.0,震颤,prototype_v1,prototype_relative_path=epump2/prototype/震颤/E-pump_KN4A0236_151559305_26072024_004750.tdms.zst,1
epump3,16LGW045,16LGW045_up,1,震颤_马达,0,正常_干扰_边界,validation,0.7496817835376396,0.23077975594151048,0.5189020275961291,0.7496817835376396,432652534,42,2386836,20260412_224248,factory_raw,"epump3/2026-05-03/part4 (500 files, 1.04 GB)/E-pump_16LGW045_2386836_12042026_224248.tdms.zst","/Volumes/18555440521/fault/data_root/factory_raw/epump3/2026-05-03/part4 (500 files, 1.04 GB)/E-pump_16LGW045_2386836_12042026_224248.tdms.zst",Vib Up_0,ACC,20000,92400,195,expert,2026-06-30T23:17:12,nok,1.0,异常,chatter,107.0,震颤,epump3_factory_raw_all_sources_v1,,1
epump3,16JGJ063,16JGJ063_down,0,正常_干扰_边界,3,秒表_摩擦,validation,0.7271839423559554,0.21227313231731615,0.5149108100386393,0.7271839423559554,432652534,42,1651560,20260410_085833,factory_raw,"epump3/2026-05-03/part3 (1000 files, 2.10 GB)/E-pump_16JGJ063_1651560_10042026_085833.tdms.zst","/Volumes/18555440521/fault/data_root/factory_raw/epump3/2026-05-03/part3 (1000 files, 2.10 GB)/E-pump_16JGJ063_1651560_10042026_085833.tdms.zst",Vib Down_0,ACC,20000,100400,195,expert,2026-05-26T20:39:14,boundary,2.0,边界,boundary,2.0,边界,v1.1,,0
epump3,14JNV180,14JNV180_up,4,哒哒_咔咔_杂音,0,正常_干扰_边界,validation,0.6090077159388343,0.09548510117284637,0.5135226147659879,0.6090077159388343,432652534,42,1829920,20240725_212036,factory_raw,epump3/ep3-500PCS/E-pump_14JNV180_1829920_25072024_212036.tdms.zst,/Volumes/18555440521/fault/data_root/factory_raw/epump3/ep3-500PCS/E-pump_14JNV180_1829920_25072024_212036.tdms.zst,Vib Up_0,ACC,20000,92400,195,expert,2026-05-26T19:33:47,nok,1.0,异常,noise,105.0,杂音,epump3_factory_raw_all_sources_v1,,4
epump3,16JGI355,16JGI355_up,0,正常_干扰_边界,3,秒表_摩擦,test,0.6885666745549279,0.18289945555486997,0.505667219000058,0.6885666745549279,432652534,42,1651560,20260410_084538,factory_raw,"epump3/2026-05-03/part3 (1000 files, 2.10 GB)/E-pump_16JGI355_1651560_10042026_084538.tdms.zst","/Volumes/18555440521/fault/data_root/factory_raw/epump3/2026-05-03/part3 (1000 files, 2.10 GB)/E-pump_16JGI355_1651560_10042026_084538.tdms.zst",Vib Up_0,ACC,20000,92800,195,operator_F3645,2026-04-10T08:00:00,ok,0.0,正常,clean_normal,0.0,正常,epump3_factory_raw_all_sources_v1,,0
epump3,14HOJ449,14HOJ449_down,4,哒哒_咔咔_杂音,3,秒表_摩擦,validation,0.7395973185280756,0.24022777594841144,0.4993695425796642,0.7395973185280756,432652534,42,2358487,20240808_094826,factory_raw,epump3/ep3-NOK/E-pump_14HOJ449_2358487_08082024_094826.tdms.zst,/Volumes/18555440521/fault/data_root/factory_raw/epump3/ep3-NOK/E-pump_14HOJ449_2358487_08082024_094826.tdms.zst,Vib Down_0,ACC,20000,116400,195,expert,2026-05-26T18:21:41,nok,1.0,异常,noise,105.0,杂音,v1.1,,4
epump3,16FGL258,16FGL258_down,5,咬齿,0,正常_干扰_边界,test,0.5150362303502395,0.024881063236816735,0.4901551671134228,0.5150362303502395,432652534,42,1829891,20260406_112807,factory_raw,"epump3/2026-05-03/part2 (1000 files, 2.06 GB)/E-pump_16FGL258_1829891_06042026_112807.tdms.zst","/Volumes/18555440521/fault/data_root/factory_raw/epump3/2026-05-03/part2 (1000 files, 2.06 GB)/E-pump_16FGL258_1829891_06042026_112807.tdms.zst",Vib Down_0,ACC,20000,104400,195,expert,2026-06-29T19:36:05,nok,1.0,异常,gear_chatter,106.0,咬齿,epump3_factory_raw_all_sources_v1,,5
epump3,16FGP101,16FGP101_down,3,秒表_摩擦,0,正常_干扰_边界,test,0.741737880532893,0.25174466848862115,0.4899932120442719,0.741737880532893,432652534,42,1854792,20260406_151058,factory_raw,"epump3/2026-05-03/part2 (1000 files, 2.06 GB)/E-pump_16FGP101_1854792_06042026_151058.tdms.zst","/Volumes/18555440521/fault/data_root/factory_raw/epump3/2026-05-03/part2 (1000 files, 2.06 GB)/E-pump_16FGP101_1854792_06042026_151058.tdms.zst",Vib Down_0,ACC,20000,108000,195,expert,2026-06-30T22:49:28,nok,1.0,异常,friction,103.0,摩擦,epump3_factory_raw_all_sources_v1,,3
epump3,16DGN136,16DGN136_up,3,秒表_摩擦,0,正常_干扰_边界,test,0.73653603882433,0.24888048250141603,0.487655556322914,0.73653603882433,432652534,42,2787848,20260404_132800,factory_raw,"epump3/2026-05-03/part2 (1000 files, 2.06 GB)/E-pump_16DGN136_2787848_04042026_132800.tdms.zst","/Volumes/18555440521/fault/data_root/factory_raw/epump3/2026-05-03/part2 (1000 files, 2.06 GB)/E-pump_16DGN136_2787848_04042026_132800.tdms.zst",Vib Up_0,ACC,20000,101600,195,expert,2026-06-30T13:32:05,nok,1.0,异常,friction,103.0,摩擦,v1.1,,3
epump3,16JGB259,16JGB259_up,1,震颤_马达,3,秒表_摩擦,test,0.5371171168983518,0.051372107680432315,0.4857450092179195,0.5371171168983518,432652534,42,4083041,20260410_012405,factory_raw,"epump3/2026-05-03/part3 (1000 files, 2.10 GB)/E-pump_16JGB259_4083041_10042026_012405.tdms.zst","/Volumes/18555440521/fault/data_root/factory_raw/epump3/2026-05-03/part3 (1000 files, 2.10 GB)/E-pump_16JGB259_4083041_10042026_012405.tdms.zst",Vib Up_0,ACC,20000,85600,195,expert,2026-05-26T20:23:26,nok,1.0,异常,chatter,107.0,震颤,epump3_factory_raw_all_sources_v1,,1
epump3,16LGW051,16LGW051_up,3,秒表_摩擦,0,正常_干扰_边界,test,0.7261066386761662,0.24244039122948108,0.4836662474466851,0.7261066386761662,432652534,42,2386836,20260412_225035,factory_raw,"epump3/2026-05-03/part4 (500 files, 1.04 GB)/E-pump_16LGW051_2386836_12042026_225035.tdms.zst","/Volumes/18555440521/fault/data_root/factory_raw/epump3/2026-05-03/part4 (500 files, 1.04 GB)/E-pump_16LGW051_2386836_12042026_225035.tdms.zst",Vib Up_0,ACC,20000,107200,195,expert,2026-06-30T23:14:59,nok,1.0,异常,friction,103.0,摩擦,epump3_factory_raw_all_sources_v1,,3
epump3,16LGW129,16LGW129_up,0,正常_干扰_边界,3,秒表_摩擦,validation,0.72006794665981,0.25542229012958734,0.46464565653022266,0.72006794665981,432652534,42,2386836,20260412_225326,factory_raw,"epump3/2026-05-03/part4 (500 files, 1.04 GB)/E-pump_16LGW129_2386836_12042026_225326.tdms.zst","/Volumes/18555440521/fault/data_root/factory_raw/epump3/2026-05-03/part4 (500 files, 1.04 GB)/E-pump_16LGW129_2386836_12042026_225326.tdms.zst",Vib Up_0,ACC,20000,94800,195,expert,2026-06-30T23:15:43,boundary,2.0,边界,boundary,2.0,边界,v1.1,,0
epump3,16LGW026,16LGW026_up,0,正常_干扰_边界,3,秒表_摩擦,test,0.7102122720457648,0.2512838950802426,0.45892837696552213,0.7102122720457648,432652534,42,2386836,20260412_223919,factory_raw,"epump3/2026-05-03/part4 (500 files, 1.04 GB)/E-pump_16LGW026_2386836_12042026_223919.tdms.zst","/Volumes/18555440521/fault/data_root/factory_raw/epump3/2026-05-03/part4 (500 files, 1.04 GB)/E-pump_16LGW026_2386836_12042026_223919.tdms.zst",Vib Up_0,ACC,20000,94400,195,expert,2026-06-30T23:06:56,boundary,2.0,边界,boundary,2.0,边界,v1.1,,0
epump3,16DGC165,16DGC165_up,3,秒表_摩擦,0,正常_干扰_边界,validation,0.7061931677444281,0.2688768014435724,0.4373163663008557,0.7061931677444281,432652534,42,1651629,20260404_021411,factory_raw,"epump3/2026-05-03/part2 (1000 files, 2.06 GB)/E-pump_16DGC165_1651629_04042026_021411.tdms.zst","/Volumes/18555440521/fault/data_root/factory_raw/epump3/2026-05-03/part2 (1000 files, 2.06 GB)/E-pump_16DGC165_1651629_04042026_021411.tdms.zst",Vib Up_0,ACC,20000,98800,195,expert,2026-06-30T22:47:24,nok,1.0,异常,friction,103.0,摩擦,epump3_factory_raw_all_sources_v1,,3
epump2,GO4C0352,GO4C0352_up,0,正常_干扰_边界,3,秒表_摩擦,validation,0.6973431946148442,0.2646160773565821,0.4327271172582621,0.6973431946148442,432652534,42,238683601,20240807_024919,factory_raw,epump2/prototype/秒表/E-pump_GO4C0352_238683601_07082024_024919.tdms.zst,/Volumes/18555440521/fault/data_root/factory_raw/epump2/prototype/秒表/E-pump_GO4C0352_238683601_07082024_024919.tdms.zst,Vib Up_0,ACC,20000,106802,195,expert_prototype_registry,2026-06-27T14:38:53,ok,0.0,正常,clean_normal,0.0,正常,prototype_v1,prototype_relative_path=epump2/prototype/正常/E-pump_GO4C0352_238683601_07082024_024919.tdms.zst,0
epump3,14OKT134,14OKT134_down,5,咬齿,0,正常_干扰_边界,validation,0.5745714857071148,0.1546200975428192,0.4199513881642956,0.5745714857071148,432652534,42,2882633,20240615_192509,factory_raw,epump3/ep3-NOK/E-pump_14OKT134_2882633_15062024_192509.tdms.zst,/Volumes/18555440521/fault/data_root/factory_raw/epump3/ep3-NOK/E-pump_14OKT134_2882633_15062024_192509.tdms.zst,Vib Down_0,ACC,20000,101600,195,expert,2026-05-14T00:19:34,nok,1.0,异常,gear_chatter,106.0,咬齿,v1.1,,5
epump3,14FMW251,14FMW251_down,0,正常_干扰_边界,3,秒表_摩擦,test,0.6765092456448205,0.2586933498175888,0.4178158958272317,0.6765092456448205,432652534,42,2882633,20240706_223709,factory_raw,epump3/ep3-NOK/E-pump_14FMW251_2882633_06072024_223709.tdms.zst,/Volumes/18555440521/fault/data_root/factory_raw/epump3/ep3-NOK/E-pump_14FMW251_2882633_06072024_223709.tdms.zst,Vib Down_0,ACC,20000,99200,195,expert,2026-05-26T18:11:15,boundary,2.0,边界,boundary,2.0,边界,v1.1,,0
epump3,16FGP178,16FGP178_up,3,秒表_摩擦,0,正常_干扰_边界,test,0.7025742053573891,0.2861429287286806,0.41643127662870855,0.7025742053573891,432652534,42,1854792,20260406_152642,factory_raw,"epump3/2026-05-03/part2 (1000 files, 2.06 GB)/E-pump_16FGP178_1854792_06042026_152642.tdms.zst","/Volumes/18555440521/fault/data_root/factory_raw/epump3/2026-05-03/part2 (1000 files, 2.06 GB)/E-pump_16FGP178_1854792_06042026_152642.tdms.zst",Vib Up_0,ACC,20000,104000,195,expert,2026-05-26T20:38:37,nok,1.0,异常,friction,103.0,摩擦,epump3_factory_raw_all_sources_v1,,3
epump3,16DGO083,16DGO083_down,4,哒哒_咔咔_杂音,3,秒表_摩擦,test,0.6458508428594186,0.2323309843705685,0.4135198584888501,0.6458508428594186,432652534,42,2787848,20260404_143249,factory_raw,"epump3/2026-05-03/part2 (1000 files, 2.06 GB)/E-pump_16DGO083_2787848_04042026_143249.tdms.zst","/Volumes/18555440521/fault/data_root/factory_raw/epump3/2026-05-03/part2 (1000 files, 2.06 GB)/E-pump_16DGO083_2787848_04042026_143249.tdms.zst",Vib Down_0,ACC,20000,101600,195,expert,2026-06-30T23:26:31,nok,1.0,异常,noise,105.0,杂音,v1.1,,4
epump3,14AOI233,14AOI233_down,3,秒表_摩擦,0,正常_干扰_边界,validation,0.685242874019633,0.27228682692304335,0.4129560470965897,0.685242874019633,432652534,42,2372944,20240801_082456,factory_raw,epump3/2372944/E-pump_14AOI233_2372944_01082024_082456.tdms.zst,/Volumes/18555440521/fault/data_root/factory_raw/epump3/2372944/E-pump_14AOI233_2372944_01082024_082456.tdms.zst,Vib Down_0,ACC,20000,107200,195,expert,2026-06-30T00:04:44,nok,1.0,异常,friction,103.0,摩擦,v1.1,,3
epump3,16LGX026,16LGX026_down,3,秒表_摩擦,0,正常_干扰_边界,validation,0.683880203376859,0.30507301569946527,0.3788071876773937,0.683880203376859,432652534,42,2386836,20260412_230558,factory_raw,"epump3/2026-05-03/part4 (500 files, 1.04 GB)/E-pump_16LGX026_2386836_12042026_230558.tdms.zst","/Volumes/18555440521/fault/data_root/factory_raw/epump3/2026-05-03/part4 (500 files, 1.04 GB)/E-pump_16LGX026_2386836_12042026_230558.tdms.zst",Vib Down_0,ACC,20000,100400,195,expert,2026-05-26T21:02:47,nok,1.0,异常,friction,103.0,摩擦,v1.1,,3
epump2,NN4X0276,NN4X0276_up,0,正常_干扰_边界,3,秒表_摩擦,test,0.5341439653077754,0.22708947404200275,0.30705449126577267,0.5341439653077754,432652534,42,413492601,20240729_235217,factory_raw,epump2/prototype/秒表/E-pump_NN4X0276_413492601_29072024_235217.tdms.zst,/Volumes/18555440521/fault/data_root/factory_raw/epump2/prototype/秒表/E-pump_NN4X0276_413492601_29072024_235217.tdms.zst,Vib Up_0,ACC,20000,111200,195,expert,2026-06-28T23:11:55,ok,0.0,正常,clean_normal,0.0,正常,v1.1,,0
epump2,BH6P0490,BH6P0490_up,0,正常_干扰_边界,3,秒表_摩擦,test,0.640932752664892,0.34345114645354946,0.29748160621134256,0.640932752664892,432652534,42,185479206,20260417_160755,factory_raw,epump2/prototype/正常/E-pump_BH6P0490_185479206_17042026_160755.tdms.zst,/Volumes/18555440521/fault/data_root/factory_raw/epump2/prototype/正常/E-pump_BH6P0490_185479206_17042026_160755.tdms.zst,Vib Up_0,ACC,20000,89220,195,expert,2026-06-28T12:52:42,ok,0.0,正常,clean_normal,0.0,正常,v1.1,,0
epump2,AC6T0030,AC6T0030_down,3,秒表_摩擦,0,正常_干扰_边界,test,0.6301206831008956,0.35013848219675214,0.2799822009041435,0.6301206831008956,432652534,42,165156005,20260201_191623,factory_raw,epump2/prototype/秒表/E-pump_AC6T0030_165156005_01022026_191623.tdms.zst,/Volumes/18555440521/fault/data_root/factory_raw/epump2/prototype/秒表/E-pump_AC6T0030_165156005_01022026_191623.tdms.zst,Vib Down_0,ACC,20000,95600,195,expert_prototype_registry,2026-06-27T14:38:53,nok,1.0,异常,tick_tock,102.0,秒表,prototype_v1,prototype_relative_path=epump2/prototype/秒表/E-pump_AC6T0030_165156005_01022026_191623.tdms.zst,3
epump3,14HOH234,14HOH234_up,1,震颤_马达,0,正常_干扰_边界,test,0.45481744191717527,0.18928551137150368,0.2655319305456716,0.45481744191717527,432652534,42,2358487,20240808_072948,factory_raw,epump3/ep3-NOK/E-pump_14HOH234_2358487_08082024_072948.tdms.zst,/Volumes/18555440521/fault/data_root/factory_raw/epump3/ep3-NOK/E-pump_14HOH234_2358487_08082024_072948.tdms.zst,Vib Up_0,ACC,20000,92400,195,expert,2026-05-26T20:22:43,nok,1.0,异常,mada,108.0,马达,epump3_factory_raw_all_sources_v1,,1
epump3,14JNV403,14JNV403_down,3,秒表_摩擦,4,哒哒_咔咔_杂音,validation,0.6115941764196068,0.3463960807425071,0.2651980956770997,0.6115941764196068,432652534,42,1829920,20240725_214101,factory_raw,epump3/ep3-500PCS/E-pump_14JNV403_1829920_25072024_214101.tdms.zst,/Volumes/18555440521/fault/data_root/factory_raw/epump3/ep3-500PCS/E-pump_14JNV403_1829920_25072024_214101.tdms.zst,Vib Down_0,ACC,20000,101200,195,expert,2026-05-26T18:42:37,nok,1.0,异常,friction,103.0,摩擦,v1.1,,3
epump3,16IGJ133,16IGJ133_up,0,正常_干扰_边界,3,秒表_摩擦,validation,0.6143130765002379,0.3715857267515744,0.2427273497486635,0.6143130765002379,432652534,42,4134926,20260409_091542,factory_raw,"epump3/2026-05-03/part2 (1000 files, 2.06 GB)/E-pump_16IGJ133_4134926_09042026_091542.tdms.zst","/Volumes/18555440521/fault/data_root/factory_raw/epump3/2026-05-03/part2 (1000 files, 2.06 GB)/E-pump_16IGJ133_4134926_09042026_091542.tdms.zst",Vib Up_0,ACC,20000,100800,195,operator_F3645,2026-04-09T09:00:00,ok,0.0,正常,clean_normal,0.0,正常,epump3_factory_raw_all_sources_v1,,0
epump3,16LGE230,16LGE230_up,3,秒表_摩擦,0,正常_干扰_边界,validation,0.4858425069422065,0.24554437264360152,0.24029813429860497,0.4858425069422065,432652534,42,1806522,20260412_042543,factory_raw,"epump3/2026-05-03/part3 (1000 files, 2.10 GB)/E-pump_16LGE230_1806522_12042026_042543.tdms.zst","/Volumes/18555440521/fault/data_root/factory_raw/epump3/2026-05-03/part3 (1000 files, 2.10 GB)/E-pump_16LGE230_1806522_12042026_042543.tdms.zst",Vib Up_0,ACC,20000,98800,195,operator_F3645,2026-04-12T04:00:00,nok,1.0,异常,friction,103.0,摩擦,epump3_factory_raw_all_sources_v1,,3
epump3,14COH019,14COH019_up,0,正常_干扰_边界,3,秒表_摩擦,test,0.44913717844148443,0.21674323012287086,0.23239394831861357,0.44913717844148443,432652534,42,4030956,20240803_070205,factory_raw,epump3/4030956/E-pump_14COH019_4030956_03082024_070205.tdms.zst,/Volumes/18555440521/fault/data_root/factory_raw/epump3/4030956/E-pump_14COH019_4030956_03082024_070205.tdms.zst,Vib Up_0,ACC,20000,94400,195,expert,2026-06-30T00:09:49,ok,0.0,正常,noisy_normal,-1.0,干扰,v1.1,,0
epump3,16JGV344,16JGV344_down,4,哒哒_咔咔_杂音,3,秒表_摩擦,validation,0.5920801319308284,0.376185459034786,0.21589467289604242,0.5920801319308284,432652534,42,3876053,20260410_214248,factory_raw,"epump3/2026-05-03/part3 (1000 files, 2.10 GB)/E-pump_16JGV344_3876053_10042026_214248.tdms.zst","/Volumes/18555440521/fault/data_root/factory_raw/epump3/2026-05-03/part3 (1000 files, 2.10 GB)/E-pump_16JGV344_3876053_10042026_214248.tdms.zst",Vib Down_0,ACC,20000,116000,195,expert,2026-06-29T19:38:46,nok,1.0,异常,noise,105.0,杂音,v1.1,,4
epump2,II6X0056,II6X0056_up,0,正常_干扰_边界,3,秒表_摩擦,test,0.5775600798619894,0.36312060149828207,0.21443947836370736,0.5775600798619894,432652534,42,238683601,20260510_001238,factory_raw,epump2/prototype/秒表/E-pump_II6X0056_238683601_10052026_001238.tdms.zst,/Volumes/18555440521/fault/data_root/factory_raw/epump2/prototype/秒表/E-pump_II6X0056_238683601_10052026_001238.tdms.zst,Vib Up_0,ACC,20000,103622,195,expert,2026-06-28T22:21:02,ok,0.0,正常,clean_normal,0.0,正常,v1.1,,0
epump3,14BNA073,14BNA073_up,4,哒哒_咔咔_杂音,3,秒表_摩擦,validation,0.5240458869558419,0.32281772976564954,0.20122815719019232,0.5240458869558419,432652534,42,1829919,20240717_000747,factory_raw,epump3/ep3-NOK/E-pump_14BNA073_1829919_17072024_000747.tdms.zst,/Volumes/18555440521/fault/data_root/factory_raw/epump3/ep3-NOK/E-pump_14BNA073_1829919_17072024_000747.tdms.zst,Vib Up_0,ACC,20000,106400,195,expert,2026-05-26T17:56:01,nok,1.0,异常,noise,105.0,杂音,v1.1,,4
epump3,16DGO275,16DGO275_up,0,正常_干扰_边界,3,秒表_摩擦,validation,0.5738856504780189,0.4006066112794091,0.17327903919860976,0.5738856504780189,432652534,42,2787848,20260404_145257,factory_raw,"epump3/2026-05-03/part2 (1000 files, 2.06 GB)/E-pump_16DGO275_2787848_04042026_145257.tdms.zst","/Volumes/18555440521/fault/data_root/factory_raw/epump3/2026-05-03/part2 (1000 files, 2.06 GB)/E-pump_16DGO275_2787848_04042026_145257.tdms.zst",Vib Up_0,ACC,20000,104800,195,expert,2026-06-30T23:29:04,boundary,2.0,边界,boundary,2.0,边界,v1.1,,0
epump3,16LGE203,16LGE203_down,3,秒表_摩擦,0,正常_干扰_边界,validation,0.5761647091628962,0.4046910067031523,0.17147370245974392,0.5761647091628962,432652534,42,1806522,20260412_042704,factory_raw,"epump3/2026-05-03/part3 (1000 files, 2.10 GB)/E-pump_16LGE203_1806522_12042026_042704.tdms.zst","/Volumes/18555440521/fault/data_root/factory_raw/epump3/2026-05-03/part3 (1000 files, 2.10 GB)/E-pump_16LGE203_1806522_12042026_042704.tdms.zst",Vib Down_0,ACC,20000,117600,195,expert,2026-05-26T20:43:23,nok,1.0,异常,friction,103.0,摩擦,epump3_factory_raw_all_sources_v1,,3
epump3,16JGV077,16JGV077_up,0,正常_干扰_边界,4,哒哒_咔咔_杂音,test,0.5040992129574321,0.34719091683614234,0.15690829612128976,0.5040992129574321,432652534,42,3876053,20260410_205924,factory_raw,"epump3/2026-05-03/part3 (1000 files, 2.10 GB)/E-pump_16JGV077_3876053_10042026_205924.tdms.zst","/Volumes/18555440521/fault/data_root/factory_raw/epump3/2026-05-03/part3 (1000 files, 2.10 GB)/E-pump_16JGV077_3876053_10042026_205924.tdms.zst",Vib Up_0,ACC,20000,114000,195,operator_F3645,2026-04-10T21:00:00,ok,0.0,正常,clean_normal,0.0,正常,epump3_factory_raw_all_sources_v1,,0
epump3,14COG312,14COG312_up,4,哒哒_咔咔_杂音,3,秒表_摩擦,test,0.5708550208878005,0.41856837159769533,0.15228664929010516,0.5708550208878005,432652534,42,4030956,20240803_065742,factory_raw,epump3/4030956/E-pump_14COG312_4030956_03082024_065742.tdms.zst,/Volumes/18555440521/fault/data_root/factory_raw/epump3/4030956/E-pump_14COG312_4030956_03082024_065742.tdms.zst,Vib Up_0,ACC,20000,95200,195,expert,2026-06-30T00:09:22,nok,1.0,异常,noise,105.0,杂音,v1.1,,4
epump2,GO4C0352,GO4C0352_down,0,正常_干扰_边界,3,秒表_摩擦,validation,0.5581336493799632,0.41938750651976936,0.13874614286019388,0.5581336493799632,432652534,42,238683601,20240807_024919,factory_raw,epump2/prototype/秒表/E-pump_GO4C0352_238683601_07082024_024919.tdms.zst,/Volumes/18555440521/fault/data_root/factory_raw/epump2/prototype/秒表/E-pump_GO4C0352_238683601_07082024_024919.tdms.zst,Vib Down_0,ACC,20000,107200,195,expert_prototype_registry,2026-06-27T14:38:53,ok,0.0,正常,clean_normal,0.0,正常,prototype_v1,prototype_relative_path=epump2/prototype/正常/E-pump_GO4C0352_238683601_07082024_024919.tdms.zst,0
epump3,14EKF072,14EKF072_up,4,哒哒_咔咔_杂音,0,正常_干扰_边界,test,0.39162934086171025,0.262807558259887,0.12882178260182325,0.39162934086171025,432652534,42,1651629,20240605_051414,factory_raw,epump3/ep3-NOK/E-pump_14EKF072_1651629_05062024_051414.tdms.zst,/Volumes/18555440521/fault/data_root/factory_raw/epump3/ep3-NOK/E-pump_14EKF072_1651629_05062024_051414.tdms.zst,Vib Up_0,ACC,20000,89200,195,expert,2026-05-26T18:09:38,nok,1.0,异常,noise,105.0,杂音,v1.1,,4
epump3,16DGN115,16DGN115_down,0,正常_干扰_边界,3,秒表_摩擦,test,0.550964175042498,0.4280127396513977,0.12295143539110026,0.550964175042498,432652534,42,2787848,20260404_132447,factory_raw,"epump3/2026-05-03/part2 (1000 files, 2.06 GB)/E-pump_16DGN115_2787848_04042026_132447.tdms.zst","/Volumes/18555440521/fault/data_root/factory_raw/epump3/2026-05-03/part2 (1000 files, 2.06 GB)/E-pump_16DGN115_2787848_04042026_132447.tdms.zst",Vib Down_0,ACC,20000,103200,195,expert,2026-06-30T13:30:52,ok,0.0,正常,noisy_normal,-1.0,干扰,v1.1,,0
epump3,14COH193,14COH193_up,1,震颤_马达,0,正常_干扰_边界,validation,0.38896432942114006,0.26886913365097964,0.12009519577016042,0.38896432942114006,432652534,42,4030956,20240803_072808,factory_raw,epump3/ep3-NOK/E-pump_14COH193_4030956_03082024_072808.tdms.zst,/Volumes/18555440521/fault/data_root/factory_raw/epump3/ep3-NOK/E-pump_14COH193_4030956_03082024_072808.tdms.zst,Vib Up_0,ACC,20000,102000,195,expert,2026-03-01T21:43:58,nok,1.0,异常,chatter,107.0,震颤,v1.1,,1
epump3,16AGK359,16AGK359_up,3,秒表_摩擦,0,正常_干扰_边界,validation,0.5444327317292113,0.43067611750984053,0.11375661421937072,0.5444327317292113,432652534,42,1829920,20260401_103556,factory_raw,"epump3/2026-05-03/part1 (1000 files, 2.09 GB)/E-pump_16AGK359_1829920_01042026_103556.tdms.zst","/Volumes/18555440521/fault/data_root/factory_raw/epump3/2026-05-03/part1 (1000 files, 2.09 GB)/E-pump_16AGK359_1829920_01042026_103556.tdms.zst",Vib Up_0,ACC,20000,92000,195,operator_F3645,2026-04-01T10:00:00,nok,1.0,异常,friction,103.0,摩擦,epump3_factory_raw_all_sources_v1,,3
epump4,55AUN0523,55AUN0523_down,1,震颤_马达,0,正常_干扰_边界,validation,0.5475014014897404,0.43900047909105255,0.1085009223986878,0.5475014014897404,432652534,42,3951870,20251101_134656,factory_raw,epump4/prototype/震颤/55AUN0523_3951870_L4-C162-PC3_20251101_134656.tdms.zst,/Volumes/18555440521/fault/data_root/factory_raw/epump4/prototype/震颤/55AUN0523_3951870_L4-C162-PC3_20251101_134656.tdms.zst,Vib Down_0,ACC,25000,108000,195,expert_prototype_registry,2026-06-27T14:38:53,nok,1.0,异常,chatter,107.0,震颤,prototype_v1,prototype_relative_path=epump4/prototype/震颤/55AUN0523_3951870_L4-C162-PC3_20251101_134656.tdms.zst,1
epump3,14NLQ091,14NLQ091_up,3,秒表_摩擦,0,正常_干扰_边界,validation,0.5492715777236544,0.4438496138242393,0.1054219638994151,0.5492715777236544,432652534,42,2882633,20240629_160904,factory_raw,epump3/ep3-NOK/E-pump_14NLQ091_2882633_29062024_160904.tdms.zst,/Volumes/18555440521/fault/data_root/factory_raw/epump3/ep3-NOK/E-pump_14NLQ091_2882633_29062024_160904.tdms.zst,Vib Up_0,ACC,20000,105200,195,expert,2026-05-14T00:16:53,nok,1.0,异常,tick_tock,102.0,秒表,v1.1,,3
epump3,16JGI113,16JGI113_up,3,秒表_摩擦,0,正常_干扰_边界,validation,0.4857704583826862,0.398356356767491,0.0874141016151952,0.4857704583826862,432652534,42,1651560,20260410_080838,factory_raw,"epump3/2026-05-03/part3 (1000 files, 2.10 GB)/E-pump_16JGI113_1651560_10042026_080838.tdms.zst","/Volumes/18555440521/fault/data_root/factory_raw/epump3/2026-05-03/part3 (1000 files, 2.10 GB)/E-pump_16JGI113_1651560_10042026_080838.tdms.zst",Vib Up_0,ACC,20000,94400,195,expert,2026-06-30T22:52:53,nok,1.0,异常,friction,103.0,摩擦,epump3_factory_raw_all_sources_v1,,3
epump3,14HOK324,14HOK324_up,1,震颤_马达,0,正常_干扰_边界,validation,0.5303675800936907,0.46652113358861036,0.06384644650508031,0.5303675800936907,432652534,42,2358487,20240808_104139,factory_raw,epump3/ep3-NOK/E-pump_14HOK324_2358487_08082024_104139.tdms.zst,/Volumes/18555440521/fault/data_root/factory_raw/epump3/ep3-NOK/E-pump_14HOK324_2358487_08082024_104139.tdms.zst,Vib Up_0,ACC,20000,90400,195,expert,2026-05-26T20:38:29,nok,1.0,异常,chatter,107.0,震颤,epump3_factory_raw_all_sources_v1,,1
epump3,14BOH046,14BOH046_down,2,传感器错误,0,正常_干扰_边界,test,0.3576193156817289,0.2988727518790211,0.05874656380270776,0.3576193156817289,432652534,42,2358487,20240802_071113,factory_raw,epump3/ep3-NOK/E-pump_14BOH046_2358487_02082024_071113.tdms.zst,/Volumes/18555440521/fault/data_root/factory_raw/epump3/ep3-NOK/E-pump_14BOH046_2358487_02082024_071113.tdms.zst,Vib Down_0,ACC,20000,265600,195,expert,2026-06-29T15:04:52,nok,1.0,异常,sensor_error,101.0,传感器错误,v1.1,,2
epump3,14FMU417,14FMU417_up,0,正常_干扰_边界,3,秒表_摩擦,test,0.4546774811845083,0.4068066288327244,0.0478708523517839,0.4546774811845083,432652534,42,2882633,20240706_205148,factory_raw,epump3/ep3-NOK/E-pump_14FMU417_2882633_06072024_205148.tdms.zst,/Volumes/18555440521/fault/data_root/factory_raw/epump3/ep3-NOK/E-pump_14FMU417_2882633_06072024_205148.tdms.zst,Vib Up_0,ACC,20000,101600,195,expert,2026-05-26T18:09:54,ok,0.0,正常,noisy_normal,-1.0,干扰,v1.1,,0
epump2,AC6T0030,AC6T0030_up,3,秒表_摩擦,0,正常_干扰_边界,test,0.46238878417570767,0.4174211352491003,0.04496764892660737,0.46238878417570767,432652534,42,165156005,20260201_191623,factory_raw,epump2/prototype/秒表/E-pump_AC6T0030_165156005_01022026_191623.tdms.zst,/Volumes/18555440521/fault/data_root/factory_raw/epump2/prototype/秒表/E-pump_AC6T0030_165156005_01022026_191623.tdms.zst,Vib Up_0,ACC,20000,103198,195,expert_prototype_registry,2026-06-27T14:38:53,nok,1.0,异常,tick_tock,102.0,秒表,prototype_v1,prototype_relative_path=epump2/prototype/秒表/E-pump_AC6T0030_165156005_01022026_191623.tdms.zst,3
epump3,16JGI018,16JGI018_down,0,正常_干扰_边界,3,秒表_摩擦,validation,0.5074751374878977,0.4709342460825487,0.03654089140534905,0.5074751374878977,432652534,42,1651560,20260410_080446,factory_raw,"epump3/2026-05-03/part3 (1000 files, 2.10 GB)/E-pump_16JGI018_1651560_10042026_080446.tdms.zst","/Volumes/18555440521/fault/data_root/factory_raw/epump3/2026-05-03/part3 (1000 files, 2.10 GB)/E-pump_16JGI018_1651560_10042026_080446.tdms.zst",Vib Down_0,ACC,20000,98000,195,expert,2026-06-30T22:52:07,ok,0.0,正常,noisy_normal,-1.0,干扰,v1.1,,0
epump3,16LGW040,16LGW040_down,3,秒表_摩擦,0,正常_干扰_边界,test,0.4409597530913674,0.4133935642102727,0.027566188881094744,0.4409597530913674,432652534,42,2386836,20260412_223941,factory_raw,"epump3/2026-05-03/part4 (500 files, 1.04 GB)/E-pump_16LGW040_2386836_12042026_223941.tdms.zst","/Volumes/18555440521/fault/data_root/factory_raw/epump3/2026-05-03/part4 (500 files, 1.04 GB)/E-pump_16LGW040_2386836_12042026_223941.tdms.zst",Vib Down_0,ACC,20000,101600,195,expert,2026-06-30T23:07:52,nok,1.0,异常,friction,103.0,摩擦,epump3_factory_raw_all_sources_v1,,3
epump3,14JNV355,14JNV355_up,0,正常_干扰_边界,3,秒表_摩擦,test,0.4996783062558002,0.4870742365154088,0.012604069740391355,0.4996783062558002,432652534,42,1829920,20240725_213120,factory_raw,epump3/ep3-500PCS/E-pump_14JNV355_1829920_25072024_213120.tdms.zst,/Volumes/18555440521/fault/data_root/factory_raw/epump3/ep3-500PCS/E-pump_14JNV355_1829920_25072024_213120.tdms.zst,Vib Up_0,ACC,20000,98400,195,expert,2026-05-26T18:40:42,boundary,2.0,边界,boundary,2.0,边界,v1.1,,0
epump3,16AGV160,16AGV160_up,0,正常_干扰_边界,3,秒表_摩擦,test,0.4705612804612458,0.46620705605332924,0.0043542244079165515,0.4705612804612458,432652534,42,4282602,20260401_211259,factory_raw,"epump3/2026-05-03/part1 (1000 files, 2.09 GB)/E-pump_16AGV160_4282602_01042026_211259.tdms.zst","/Volumes/18555440521/fault/data_root/factory_raw/epump3/2026-05-03/part1 (1000 files, 2.09 GB)/E-pump_16AGV160_4282602_01042026_211259.tdms.zst",Vib Up_0,ACC,20000,96800,195,operator_F3645,2026-04-01T21:00:00,ok,0.0,正常,clean_normal,0.0,正常,epump3_factory_raw_all_sources_v1,,0
epump3,16JGV381,16JGV381_up,5,咬齿,0,正常_干扰_边界,test,0.2853540194181838,0.47919520421684425,-0.19384118479866047,0.47919520421684425,432652534,42,3876053,20260410_214714,factory_raw,"epump3/2026-05-03/part3 (1000 files, 2.10 GB)/E-pump_16JGV381_3876053_10042026_214714.tdms.zst","/Volumes/18555440521/fault/data_root/factory_raw/epump3/2026-05-03/part3 (1000 files, 2.10 GB)/E-pump_16JGV381_3876053_10042026_214714.tdms.zst",Vib Up_0,ACC,20000,98000,195,expert,2026-06-29T19:39:07,nok,1.0,异常,gear_chatter,106.0,咬齿,epump3_factory_raw_all_sources_v1,,5
epump3,14OKT093,14OKT093_up,4,哒哒_咔咔_杂音,0,正常_干扰_边界,test,0.14426508330325327,0.4489643385347657,-0.3046992552315124,0.4489643385347657,432652534,42,2882633,20240615_192034,factory_raw,epump3/ep3-NOK/E-pump_14OKT093_2882633_15062024_192034.tdms.zst,/Volumes/18555440521/fault/data_root/factory_raw/epump3/ep3-NOK/E-pump_14OKT093_2882633_15062024_192034.tdms.zst,Vib Up_0,ACC,20000,96800,195,expert,2026-06-29T15:06:41,nok,1.0,异常,noise,105.0,杂音,v1.1,,4
epump3,16JGV306,16JGV306_up,4,哒哒_咔咔_杂音,0,正常_干扰_边界,test,0.0766223883024906,0.483371278055044,-0.4067488897525534,0.483371278055044,432652534,42,3876053,20260410_213952,factory_raw,"epump3/2026-05-03/part3 (1000 files, 2.10 GB)/E-pump_16JGV306_3876053_10042026_213952.tdms.zst","/Volumes/18555440521/fault/data_root/factory_raw/epump3/2026-05-03/part3 (1000 files, 2.10 GB)/E-pump_16JGV306_3876053_10042026_213952.tdms.zst",Vib Up_0,ACC,20000,106000,195,expert,2026-05-26T20:40:56,nok,1.0,异常,noise,105.0,杂音,v1.1,,4
epump3,16DGD241,16DGD241_down,3,秒表_摩擦,0,正常_干扰_边界,test,0.029257372349607357,0.46695019614844413,-0.4376928237988368,0.4981487459103759,432652534,42,1651629,20260404_032109,factory_raw,"epump3/2026-05-03/part2 (1000 files, 2.06 GB)/E-pump_16DGD241_1651629_04042026_032109.tdms.zst","/Volumes/18555440521/fault/data_root/factory_raw/epump3/2026-05-03/part2 (1000 files, 2.06 GB)/E-pump_16DGD241_1651629_04042026_032109.tdms.zst",Vib Down_0,ACC,20000,95200,195,operator_F3645,2026-04-04T03:00:00,nok,1.0,异常,friction,103.0,摩擦,epump3_factory_raw_all_sources_v1,,3
